-- MySQL dump 10.13  Distrib 5.7.9, for Win32 (AMD64)
--
-- Host: localhost    Database: 
-- ------------------------------------------------------
-- Server version	5.7.9-log

/*!40101 SET @OLD_CHARACTER_SET_CLIENT=@@CHARACTER_SET_CLIENT */;
/*!40101 SET @OLD_CHARACTER_SET_RESULTS=@@CHARACTER_SET_RESULTS */;
/*!40101 SET @OLD_COLLATION_CONNECTION=@@COLLATION_CONNECTION */;
/*!40101 SET NAMES utf8 */;
/*!40103 SET @OLD_TIME_ZONE=@@TIME_ZONE */;
/*!40103 SET TIME_ZONE='+00:00' */;
/*!40014 SET @OLD_UNIQUE_CHECKS=@@UNIQUE_CHECKS, UNIQUE_CHECKS=0 */;
/*!40014 SET @OLD_FOREIGN_KEY_CHECKS=@@FOREIGN_KEY_CHECKS, FOREIGN_KEY_CHECKS=0 */;
/*!40101 SET @OLD_SQL_MODE=@@SQL_MODE, SQL_MODE='NO_AUTO_VALUE_ON_ZERO' */;
/*!40111 SET @OLD_SQL_NOTES=@@SQL_NOTES, SQL_NOTES=0 */;

--
-- Position to start replication or point-in-time recovery from
--

CHANGE MASTER TO MASTER_LOG_FILE='mysql-bin.000010', MASTER_LOG_POS=154;

--
-- Current Database: `740_project`
--

CREATE DATABASE /*!32312 IF NOT EXISTS*/ `740_project` /*!40100 DEFAULT CHARACTER SET utf8 COLLATE utf8_unicode_ci */;

USE `740_project`;

--
-- Table structure for table `test_table`
--

DROP TABLE IF EXISTS `test_table`;
/*!40101 SET @saved_cs_client     = @@character_set_client */;
/*!40101 SET character_set_client = utf8 */;
CREATE TABLE `test_table` (
  `id` int(11) NOT NULL,
  `text` varchar(255) COLLATE utf8_unicode_ci NOT NULL,
  PRIMARY KEY (`id`)
) ENGINE=InnoDB DEFAULT CHARSET=utf8 COLLATE=utf8_unicode_ci;
/*!40101 SET character_set_client = @saved_cs_client */;

--
-- Dumping data for table `test_table`
--

LOCK TABLES `test_table` WRITE;
/*!40000 ALTER TABLE `test_table` DISABLE KEYS */;
INSERT INTO `test_table` VALUES (1,'text1'),(2,'text2'),(3,'test'),(4,'newest test'),(5,'+');
/*!40000 ALTER TABLE `test_table` ENABLE KEYS */;
UNLOCK TABLES;

--
-- Current Database: `mysql`
--

CREATE DATABASE /*!32312 IF NOT EXISTS*/ `mysql` /*!40100 DEFAULT CHARACTER SET latin1 */;

USE `mysql`;

--
-- Table structure for table `gtid_executed`
--

DROP TABLE IF EXISTS `gtid_executed`;
/*!40101 SET @saved_cs_client     = @@character_set_client */;
/*!40101 SET character_set_client = utf8 */;
CREATE TABLE `gtid_executed` (
  `source_uuid` char(36) NOT NULL COMMENT 'uuid of the source where the transaction was originally executed.',
  `interval_start` bigint(20) NOT NULL COMMENT 'First number of interval.',
  `interval_end` bigint(20) NOT NULL COMMENT 'Last number of interval.',
  PRIMARY KEY (`source_uuid`,`interval_start`)
) ENGINE=InnoDB DEFAULT CHARSET=latin1;
/*!40101 SET character_set_client = @saved_cs_client */;

--
-- Dumping data for table `gtid_executed`
--

LOCK TABLES `gtid_executed` WRITE;
/*!40000 ALTER TABLE `gtid_executed` DISABLE KEYS */;
/*!40000 ALTER TABLE `gtid_executed` ENABLE KEYS */;
UNLOCK TABLES;

--
-- Table structure for table `innodb_index_stats`
--

DROP TABLE IF EXISTS `innodb_index_stats`;
/*!40101 SET @saved_cs_client     = @@character_set_client */;
/*!40101 SET character_set_client = utf8 */;
CREATE TABLE `innodb_index_stats` (
  `database_name` varchar(64) COLLATE utf8_bin NOT NULL,
  `table_name` varchar(64) COLLATE utf8_bin NOT NULL,
  `index_name` varchar(64) COLLATE utf8_bin NOT NULL,
  `last_update` timestamp NOT NULL DEFAULT CURRENT_TIMESTAMP ON UPDATE CURRENT_TIMESTAMP,
  `stat_name` varchar(64) COLLATE utf8_bin NOT NULL,
  `stat_value` bigint(20) unsigned NOT NULL,
  `sample_size` bigint(20) unsigned DEFAULT NULL,
  `stat_description` varchar(1024) COLLATE utf8_bin NOT NULL,
  PRIMARY KEY (`database_name`,`table_name`,`index_name`,`stat_name`)
) ENGINE=InnoDB DEFAULT CHARSET=utf8 COLLATE=utf8_bin STATS_PERSISTENT=0;
/*!40101 SET character_set_client = @saved_cs_client */;

--
-- Dumping data for table `innodb_index_stats`
--

LOCK TABLES `innodb_index_stats` WRITE;
/*!40000 ALTER TABLE `innodb_index_stats` DISABLE KEYS */;
INSERT INTO `innodb_index_stats` VALUES ('740_project','test_table','PRIMARY','2016-04-05 20:27:34','n_diff_pfx01',4,1,'id'),('740_project','test_table','PRIMARY','2016-04-05 20:27:34','n_leaf_pages',1,NULL,'Number of leaf pages in the index'),('740_project','test_table','PRIMARY','2016-04-05 20:27:34','size',1,NULL,'Number of pages in the index'),('mysql','gtid_executed','PRIMARY','2016-04-05 07:54:13','n_diff_pfx01',0,1,'source_uuid'),('mysql','gtid_executed','PRIMARY','2016-04-05 07:54:13','n_diff_pfx02',0,1,'source_uuid,interval_start'),('mysql','gtid_executed','PRIMARY','2016-04-05 07:54:13','n_leaf_pages',1,NULL,'Number of leaf pages in the index'),('mysql','gtid_executed','PRIMARY','2016-04-05 07:54:13','size',1,NULL,'Number of pages in the index'),('sys','sys_config','PRIMARY','2016-04-05 07:54:15','n_diff_pfx01',6,1,'variable'),('sys','sys_config','PRIMARY','2016-04-05 07:54:15','n_leaf_pages',1,NULL,'Number of leaf pages in the index'),('sys','sys_config','PRIMARY','2016-04-05 07:54:15','size',1,NULL,'Number of pages in the index');
/*!40000 ALTER TABLE `innodb_index_stats` ENABLE KEYS */;
UNLOCK TABLES;

--
-- Table structure for table `innodb_table_stats`
--

DROP TABLE IF EXISTS `innodb_table_stats`;
/*!40101 SET @saved_cs_client     = @@character_set_client */;
/*!40101 SET character_set_client = utf8 */;
CREATE TABLE `innodb_table_stats` (
  `database_name` varchar(64) COLLATE utf8_bin NOT NULL,
  `table_name` varchar(64) COLLATE utf8_bin NOT NULL,
  `last_update` timestamp NOT NULL DEFAULT CURRENT_TIMESTAMP ON UPDATE CURRENT_TIMESTAMP,
  `n_rows` bigint(20) unsigned NOT NULL,
  `clustered_index_size` bigint(20) unsigned NOT NULL,
  `sum_of_other_index_sizes` bigint(20) unsigned NOT NULL,
  PRIMARY KEY (`database_name`,`table_name`)
) ENGINE=InnoDB DEFAULT CHARSET=utf8 COLLATE=utf8_bin STATS_PERSISTENT=0;
/*!40101 SET character_set_client = @saved_cs_client */;

--
-- Dumping data for table `innodb_table_stats`
--

LOCK TABLES `innodb_table_stats` WRITE;
/*!40000 ALTER TABLE `innodb_table_stats` DISABLE KEYS */;
INSERT INTO `innodb_table_stats` VALUES ('740_project','test_table','2016-04-05 20:27:34',4,1,0),('mysql','gtid_executed','2016-04-05 07:54:13',0,1,0),('sys','sys_config','2016-04-05 07:54:15',6,1,0);
/*!40000 ALTER TABLE `innodb_table_stats` ENABLE KEYS */;
UNLOCK TABLES;

/*!40103 SET TIME_ZONE=@OLD_TIME_ZONE */;

/*!40101 SET SQL_MODE=@OLD_SQL_MODE */;
/*!40014 SET FOREIGN_KEY_CHECKS=@OLD_FOREIGN_KEY_CHECKS */;
/*!40014 SET UNIQUE_CHECKS=@OLD_UNIQUE_CHECKS */;
/*!40101 SET CHARACTER_SET_CLIENT=@OLD_CHARACTER_SET_CLIENT */;
/*!40101 SET CHARACTER_SET_RESULTS=@OLD_CHARACTER_SET_RESULTS */;
/*!40101 SET COLLATION_CONNECTION=@OLD_COLLATION_CONNECTION */;
/*!40111 SET SQL_NOTES=@OLD_SQL_NOTES */;

-- Dump completed on 2016-04-10  0:37:56
